[{"regex": "^(.*[.deopr]{2,}.+lao.*|.*lao.+[.deopr]{2,}.*|\\s*laos?\\s*|\\s*LAO\\s*|\\s*LA\\s*|\\s*418\\s*)$", "iso2": "LA", "iso3": "LAO", "isoN": "418", "name_en": "Lao People's Democratic Republic (the)", "name_fr": "Lao (la R\u00e9publique d\u00e9mocratique populaire)"}, {"regex": "^(.*[ckq][ou]m.*|\\s*COM\\s*|\\s*KM\\s*|\\s*174\\s*)$", "iso2": "KM", "iso3": "COM", "isoN": "174", "name_en": "Comoros (the)", "name_fr": "Comores (les)"}, {"regex": "^(.*[kq]az.*|\\s*KAZ\\s*|\\s*KZ\\s*|\\s*398\\s*)$", "iso2": "KZ", "iso3": "KAZ", "isoN": "398", "name_en": "Kazakhstan", "name_fr": "Kazakhstan (le)"}, {"regex": "^(.*[mn].+[ck]or.*|.*[ck]or.+[mn].*|\\s*[dr].?p.?[dr].?.+\\s*|.*cho.*|\\s*PRK\\s*|\\s*KP\\s*|\\s*408\\s*)$", "iso2": "KP", "iso3": "PRK", "isoN": "408", "name_en": "Korea (the Democratic People's Republic of)", "name_fr": "Cor\u00e9e (la\u00a0R\u00e9publique populaire d\u00e9mocratique de)"}, {"regex": "^(.*[ow].+sah.*|.*sah.+[ow].*|\\s*ESH\\s*|\\s*EH\\s*|\\s*732\\s*)$", "iso2": "EH", "iso3": "ESH", "isoN": "732", "name_en": "Western Sahara*", "name_fr": "Sahara occidental (le)*"}, {"regex": "^(.*a.+s.moa*|.*s.moa.+a.*|\\s*ASM\\s*|\\s*AS\\s*|\\s*16\\s*)$", "iso2": "AS", "iso3": "ASM", "isoN": "16", "name_en": "American Samoa", "name_fr": "Samoa am\u00e9ricaines (les)"}, {"regex": "^(.*afgh.*|\\s*AFG\\s*|\\s*AF\\s*|\\s*4\\s*)$", "iso2": "AF", "iso3": "AFG", "isoN": "4", "name_en": "Afghanistan", "name_fr": "Afghanistan (l')"}, {"regex": "^(.*alban.*|.*shq.*|\\s*ALB\\s*|\\s*AL\\s*|\\s*8\\s*)$", "iso2": "AL", "iso3": "ALB", "isoN": "8", "name_en": "Albania", "name_fr": "Albanie (l')"}, {"regex": "^(.*alg.*|.*jaz.*|\\s*DZA\\s*|\\s*DZ\\s*|\\s*12\\s*)$", "iso2": "DZ", "iso3": "DZA", "isoN": "12", "name_en": "Algeria", "name_fr": "Alg\u00e9rie (l')"}, {"regex": "^(.*ando.*|\\s*AND\\s*|\\s*AD\\s*|\\s*20\\s*)$", "iso2": "AD", "iso3": "AND", "isoN": "20", "name_en": "Andorra", "name_fr": "Andorre (l')"}, {"regex": "^(.*ango.*|\\s*AGO\\s*|\\s*AO\\s*|\\s*24\\s*)$", "iso2": "AO", "iso3": "AGO", "isoN": "24", "name_en": "Angola", "name_fr": "Angola (l')"}, {"regex": "^(.*angu.*|\\s*AIA\\s*|\\s*AI\\s*|\\s*660\\s*)$", "iso2": "AI", "iso3": "AIA", "isoN": "660", "name_en": "Anguilla", "name_fr": "Anguilla"}, {"regex": "^(.*anta.*|\\s*ATA\\s*|\\s*AQ\\s*|\\s*10\\s*)$", "iso2": "AQ", "iso3": "ATA", "isoN": "10", "name_en": "Antarctica", "name_fr": "Antarctique (l')"}, {"regex": "^(.*anti.*|\\s*ATG\\s*|\\s*AG\\s*|\\s*28\\s*)$", "iso2": "AG", "iso3": "ATG", "isoN": "28", "name_en": "Antigua and Barbuda", "name_fr": "Antigua-et-Barbuda"}, {"regex": "^(.*arg.*|\\s*ARG\\s*|\\s*AR\\s*|\\s*32\\s*)$", "iso2": "AR", "iso3": "ARG", "isoN": "32", "name_en": "Argentina", "name_fr": "Argentine (l')"}, {"regex": "^(.*arm.*|.*hay.*|\\s*ARM\\s*|\\s*AM\\s*|\\s*51\\s*)$", "iso2": "AM", "iso3": "ARM", "isoN": "51", "name_en": "Armenia", "name_fr": "Arm\u00e9nie (l')"}, {"regex": "^(.*arub.*|\\s*ABW\\s*|\\s*AW\\s*|\\s*533\\s*)$", "iso2": "AW", "iso3": "ABW", "isoN": "533", "name_en": "Aruba", "name_fr": "Aruba"}, {"regex": "^(.*au.+li.*|\\s*AUS\\s*|\\s*AU\\s*|\\s*36\\s*)$", "iso2": "AU", "iso3": "AUS", "isoN": "36", "name_en": "Australia", "name_fr": "Australie (l')"}, {"regex": "^(.*au.?tri.*|.*sterr.*|\\s*AUT\\s*|\\s*AT\\s*|\\s*40\\s*)$", "iso2": "AT", "iso3": "AUT", "isoN": "40", "name_en": "Austria", "name_fr": "Autriche (l')"}, {"regex": "^(.*aze.*|\\s*AZE\\s*|\\s*AZ\\s*|\\s*31\\s*)$", "iso2": "AZ", "iso3": "AZE", "isoN": "31", "name_en": "Azerbaijan", "name_fr": "Azerba\u00efdjan (l')"}, {"regex": "^(.*b.+ivi.*|\\s*BOL\\s*|\\s*BO\\s*|\\s*68\\s*)$", "iso2": "BO", "iso3": "BOL", "isoN": "68", "name_en": "Bolivia (Plurinational State of)", "name_fr": "Bolivie (\u00c9tat plurinational de)"}, {"regex": "^(.*b.la.*|.*w.+ru.*|\\s*BLR\\s*|\\s*BY\\s*|\\s*112\\s*)$", "iso2": "BY", "iso3": "BLR", "isoN": "112", "name_en": "Belarus", "name_fr": "B\u00e9larus (le)"}, {"regex": "^(.*b.lga.*|\\s*BGR\\s*|\\s*BG\\s*|\\s*100\\s*)$", "iso2": "BG", "iso3": "BGR", "isoN": "100", "name_en": "Bulgaria", "name_fr": "Bulgarie (la)"}, {"regex": "^(.*b.nin.*|\\s*BEN\\s*|\\s*BJ\\s*|\\s*204\\s*)$", "iso2": "BJ", "iso3": "BEN", "isoN": "204", "name_en": "Benin", "name_fr": "B\u00e9nin (le)"}, {"regex": "^(.*baha.*|\\s*BHS\\s*|\\s*BS\\s*|\\s*44\\s*)$", "iso2": "BS", "iso3": "BHS", "isoN": "44", "name_en": "Bahamas (the)", "name_fr": "Bahamas (les)"}, {"regex": "^(.*bahr.*|\\s*BHR\\s*|\\s*BH\\s*|\\s*48\\s*)$", "iso2": "BH", "iso3": "BHR", "isoN": "48", "name_en": "Bahrain", "name_fr": "Bahre\u00efn"}, {"regex": "^(.*bang.*|\\s*BGD\\s*|\\s*BD\\s*|\\s*50\\s*)$", "iso2": "BD", "iso3": "BGD", "isoN": "50", "name_en": "Bangladesh", "name_fr": "Bangladesh (le)"}, {"regex": "^(.*barba.*|\\s*BRB\\s*|\\s*BB\\s*|\\s*52\\s*)$", "iso2": "BB", "iso3": "BRB", "isoN": "52", "name_en": "Barbados", "name_fr": "Barbade (la)"}, {"regex": "^(.*belg.*|\\s*BEL\\s*|\\s*BE\\s*|\\s*56\\s*)$", "iso2": "BE", "iso3": "BEL", "isoN": "56", "name_en": "Belgium", "name_fr": "Belgique (la)"}, {"regex": "^(.*beli.*|\\s*BLZ\\s*|\\s*BZ\\s*|\\s*84\\s*)$", "iso2": "BZ", "iso3": "BLZ", "isoN": "84", "name_en": "Belize", "name_fr": "Belize (le)"}, {"regex": "^(.*berm.*|\\s*BMU\\s*|\\s*BM\\s*|\\s*60\\s*)$", "iso2": "BM", "iso3": "BMU", "isoN": "60", "name_en": "Bermuda", "name_fr": "Bermudes (les)"}, {"regex": "^(.*bho?u.*|.*dru.*|\\s*BTN\\s*|\\s*BT\\s*|\\s*64\\s*)$", "iso2": "BT", "iso3": "BTN", "isoN": "64", "name_en": "Bhutan", "name_fr": "Bhoutan (le)"}, {"regex": "^(.*bona.*|\\s*BES\\s*|\\s*BQ\\s*|\\s*535\\s*)$", "iso2": "BQ", "iso3": "BES", "isoN": "535", "name_en": "Bonaire, Sint Eustatius and Saba", "name_fr": "Bonaire, Saint-Eustache et Saba"}, {"regex": "^(.*bos.*|\\s*BIH\\s*|\\s*BA\\s*|\\s*70\\s*)$", "iso2": "BA", "iso3": "BIH", "isoN": "70", "name_en": "Bosnia and Herzegovina", "name_fr": "Bosnie-Herz\u00e9govine (la)"}, {"regex": "^(.*bot.*|\\s*BWA\\s*|\\s*BW\\s*|\\s*72\\s*)$", "iso2": "BW", "iso3": "BWA", "isoN": "72", "name_en": "Botswana", "name_fr": "Botswana (le)"}, {"regex": "^(.*bouv.*|\\s*BVT\\s*|\\s*BV\\s*|\\s*74\\s*)$", "iso2": "BV", "iso3": "BVT", "isoN": "74", "name_en": "Bouvet Island", "name_fr": "Bouvet (l'\u00cele)"}, {"regex": "^(.*br.+il.*|\\s*BRA\\s*|\\s*BR\\s*|\\s*76\\s*)$", "iso2": "BR", "iso3": "BRA", "isoN": "76", "name_en": "Brazil", "name_fr": "Br\u00e9sil (le)"}, {"regex": "^(.*bru.*|\\s*BRN\\s*|\\s*BN\\s*|\\s*96\\s*)$", "iso2": "BN", "iso3": "BRN", "isoN": "96", "name_en": "Brunei Darussalam", "name_fr": "Brun\u00e9i Darussalam (le)"}, {"regex": "^(.*burk.*|\\s*BFA\\s*|\\s*BF\\s*|\\s*854\\s*)$", "iso2": "BF", "iso3": "BFA", "isoN": "854", "name_en": "Burkina Faso", "name_fr": "Burkina Faso (le)"}, {"regex": "^(.*buru.*|\\s*BDI\\s*|\\s*BI\\s*|\\s*108\\s*)$", "iso2": "BI", "iso3": "BDI", "isoN": "108", "name_en": "Burundi", "name_fr": "Burundi (le)"}, {"regex": "^(.*ca.m.*|\\s*CYM\\s*|\\s*KY\\s*|\\s*136\\s*)$", "iso2": "KY", "iso3": "CYM", "isoN": "136", "name_en": "Cayman Islands (the)", "name_fr": "Ca\u00efmans (les\u00a0\u00celes)"}, {"regex": "^(.*ca[bp].*|\\s*CPV\\s*|\\s*CV\\s*|\\s*132\\s*)$", "iso2": "CV", "iso3": "CPV", "isoN": "132", "name_en": "Cabo Verde", "name_fr": "Cabo Verde"}, {"regex": "^(.*camb.*|.*kam.*|\\s*KHM\\s*|\\s*KH\\s*|\\s*116\\s*)$", "iso2": "KH", "iso3": "KHM", "isoN": "116", "name_en": "Cambodia", "name_fr": "Cambodge (le)"}, {"regex": "^(.*came.*|\\s*CMR\\s*|\\s*CM\\s*|\\s*120\\s*)$", "iso2": "CM", "iso3": "CMR", "isoN": "120", "name_en": "Cameroon", "name_fr": "Cameroun (le)"}, {"regex": "^(.*cana.*|\\s*CAN\\s*|\\s*CA\\s*|\\s*124\\s*)$", "iso2": "CA", "iso3": "CAN", "isoN": "124", "name_en": "Canada", "name_fr": "Canada (le)"}, {"regex": "^(.*ce.+af.*|.*af.+ce.*|\\s*[.acr]{3,}\\s*|\\s*CAF\\s*|\\s*CF\\s*|\\s*140\\s*)$", "iso2": "CF", "iso3": "CAF", "isoN": "140", "name_en": "Central African Republic (the)", "name_fr": "R\u00e9publique centrafricaine (la)"}, {"regex": "^(.*ch?yp.*|\\s*CYP\\s*|\\s*CY\\s*|\\s*196\\s*)$", "iso2": "CY", "iso3": "CYP", "isoN": "196", "name_en": "Cyprus", "name_fr": "Chypre"}, {"regex": "^(.*chil.*|\\s*CHL\\s*|\\s*CL\\s*|\\s*152\\s*)$", "iso2": "CL", "iso3": "CHL", "isoN": "152", "name_en": "Chile", "name_fr": "Chili (le)"}, {"regex": "^(.*chr.*|\\s*CXR\\s*|\\s*CX\\s*|\\s*162\\s*)$", "iso2": "CX", "iso3": "CXR", "isoN": "162", "name_en": "Christmas Island", "name_fr": "Christmas (l'\u00cele)"}, {"regex": "^(.*coc.*|\\s*CCK\\s*|\\s*CC\\s*|\\s*166\\s*)$", "iso2": "CC", "iso3": "CCK", "isoN": "166", "name_en": "Cocos (Keeling) Islands (the)", "name_fr": "Cocos (les\u00a0\u00celes)/ Keeling (les\u00a0\u00celes)"}, {"regex": "^(.*col.*|\\s*COL\\s*|\\s*CO\\s*|\\s*170\\s*)$", "iso2": "CO", "iso3": "COL", "isoN": "170", "name_en": "Colombia", "name_fr": "Colombie (la)"}, {"regex": "^(.*coo.*|\\s*COK\\s*|\\s*CK\\s*|\\s*184\\s*)$", "iso2": "CK", "iso3": "COK", "isoN": "184", "name_en": "Cook Islands (the)", "name_fr": "Cook (les \u00celes)"}, {"regex": "^(.*cost.*|\\s*CRI\\s*|\\s*CR\\s*|\\s*188\\s*)$", "iso2": "CR", "iso3": "CRI", "isoN": "188", "name_en": "Costa Rica", "name_fr": "Costa Rica (le)"}, {"regex": "^(.*croa.*|.*hrv.*|\\s*HRV\\s*|\\s*HR\\s*|\\s*191\\s*)$", "iso2": "HR", "iso3": "HRV", "isoN": "191", "name_en": "Croatia", "name_fr": "Croatie (la)"}, {"regex": "^(.*cub.*|\\s*CUB\\s*|\\s*CU\\s*|\\s*192\\s*)$", "iso2": "CU", "iso3": "CUB", "isoN": "192", "name_en": "Cuba", "name_fr": "Cuba"}, {"regex": "^(.*cur.*|\\s*CUW\\s*|\\s*CW\\s*|\\s*531\\s*)$", "iso2": "CW", "iso3": "CUW", "isoN": "531", "name_en": "Cura\u00e7ao", "name_fr": "Cura\u00e7ao"}, {"regex": "^(.*cze.*|.*tch.q.*|\\s*CZE\\s*|\\s*CZ\\s*|\\s*203\\s*)$", "iso2": "CZ", "iso3": "CZE", "isoN": "203", "name_en": "Czechia", "name_fr": "Tch\u00e9quie (la)"}, {"regex": "^(.*d.+con.*|.*con.+d.*|\\s*[.cdr]{3,}\\s*|.*kins.*|.*zai.*|\\s*COD\\s*|\\s*CD\\s*|\\s*180\\s*)$", "iso2": "CD", "iso3": "COD", "isoN": "180", "name_en": "Congo (the Democratic Republic of the)", "name_fr": "Congo (la R\u00e9publique d\u00e9mocratique du)"}, {"regex": "^(.*d?[jy].b.*|\\s*DJI\\s*|\\s*DJ\\s*|\\s*262\\s*)$", "iso2": "DJ", "iso3": "DJI", "isoN": "262", "name_en": "Djibouti", "name_fr": "Djibouti"}, {"regex": "^(.*d[ae]ne?m.*|\\s*DNK\\s*|\\s*DK\\s*|\\s*208\\s*)$", "iso2": "DK", "iso3": "DNK", "isoN": "208", "name_en": "Denmark", "name_fr": "Danemark (le)"}, {"regex": "^(.*domi.+r.p.*|.*r.p.+domi.*|\\s*DOM\\s*|\\s*DO\\s*|\\s*214\\s*)$", "iso2": "DO", "iso3": "DOM", "isoN": "214", "name_en": "Dominican Republic (the)", "name_fr": "dominicaine (la\u00a0R\u00e9publique)"}, {"regex": "^(.*e?spa.*|\\s*ESP\\s*|\\s*ES\\s*|\\s*724\\s*)$", "iso2": "ES", "iso3": "ESP", "isoN": "724", "name_en": "Spain", "name_fr": "Espagne (l')"}, {"regex": "^(.*e?swa[tz].*|\\s*SWZ\\s*|\\s*SZ\\s*|\\s*748\\s*)$", "iso2": "SZ", "iso3": "SWZ", "isoN": "748", "name_en": "Eswatini", "name_fr": "Eswatini (l')"}, {"regex": "^(.*ecu.*|.*q.+te.*|\\s*ECU\\s*|\\s*EC\\s*|\\s*218\\s*)$", "iso2": "EC", "iso3": "ECU", "isoN": "218", "name_en": "Ecuador", "name_fr": "\u00c9quateur (l')"}, {"regex": "^(.*el.+sa.*|\\s*SLV\\s*|\\s*SV\\s*|\\s*222\\s*)$", "iso2": "SV", "iso3": "SLV", "isoN": "222", "name_en": "El Salvador", "name_fr": "El Salvador"}, {"regex": "^(.*esto.*|.*ees.*|\\s*EST\\s*|\\s*EE\\s*|\\s*233\\s*)$", "iso2": "EE", "iso3": "EST", "isoN": "233", "name_en": "Estonia", "name_fr": "Estonie (l')"}, {"regex": "^(.*f.+gu.*|.*gu.+f.*|\\s*GUF\\s*|\\s*GF\\s*|\\s*254\\s*)$", "iso2": "GF", "iso3": "GUF", "isoN": "254", "name_en": "French Guiana", "name_fr": "Guyane fran\u00e7aise (la\u00a0)"}, {"regex": "^(.*f.+pol.*|.*pol.+f.*|\\s*PYF\\s*|\\s*PF\\s*|\\s*258\\s*)$", "iso2": "PF", "iso3": "PYF", "isoN": "258", "name_en": "French Polynesia", "name_fr": "Polyn\u00e9sie fran\u00e7aise (la)"}, {"regex": "^(.*f.r.*|\\s*FRO\\s*|\\s*FO\\s*|\\s*234\\s*)$", "iso2": "FO", "iso3": "FRO", "isoN": "234", "name_en": "Faroe Islands (the)", "name_fr": "F\u00e9ro\u00e9 (les \u00celes)"}, {"regex": "^(.*fal.*|.*mal[ov].*|\\s*FLK\\s*|\\s*FK\\s*|\\s*238\\s*)$", "iso2": "FK", "iso3": "FLK", "isoN": "238", "name_en": "Falkland Islands (the) [Malvinas]", "name_fr": "Falkland (les \u00celes)/Malouines (les \u00celes)"}, {"regex": "^(.*fid?j.*|\\s*FJI\\s*|\\s*FJ\\s*|\\s*242\\s*)$", "iso2": "FJ", "iso3": "FJI", "isoN": "242", "name_en": "Fiji", "name_fr": "Fidji (les)"}, {"regex": "^(.*fin.*|.*suo.*|\\s*FIN\\s*|\\s*FI\\s*|\\s*246\\s*)$", "iso2": "FI", "iso3": "FIN", "isoN": "246", "name_en": "Finland", "name_fr": "Finlande (la)"}, {"regex": "^(.*fr.+te.*|.*te.+fr.*|\\s*ATF\\s*|\\s*TF\\s*|\\s*260\\s*)$", "iso2": "TF", "iso3": "ATF", "isoN": "260", "name_en": "French Southern Territories (the)", "name_fr": "Terres australes fran\u00e7aises (les)"}, {"regex": "^(.*france.*|\\s*FRA\\s*|\\s*FR\\s*|\\s*250\\s*)$", "iso2": "FR", "iso3": "FRA", "isoN": "250", "name_en": "France", "name_fr": "France (la)"}, {"regex": "^(.*gab.*|\\s*GAB\\s*|\\s*GA\\s*|\\s*266\\s*)$", "iso2": "GA", "iso3": "GAB", "isoN": "266", "name_en": "Gabon", "name_fr": "Gabon (le)"}, {"regex": "^(.*gam.*|\\s*GMB\\s*|\\s*GM\\s*|\\s*270\\s*)$", "iso2": "GM", "iso3": "GMB", "isoN": "270", "name_en": "Gambia (the)", "name_fr": "Gambie (la)"}, {"regex": "^(.*germ.*|.*alle.*|.*deu.*|\\s*b[.dr]{2,}\\s*|\\s*DEU\\s*|\\s*DE\\s*|\\s*276\\s*)$", "iso2": "DE", "iso3": "DEU", "isoN": "276", "name_en": "Germany", "name_fr": "Allemagne (l')"}, {"regex": "^(.*gib.*|\\s*GIB\\s*|\\s*GI\\s*|\\s*292\\s*)$", "iso2": "GI", "iso3": "GIB", "isoN": "292", "name_en": "Gibraltar", "name_fr": "Gibraltar"}, {"regex": "^(.*gr.e?c.*|[^s]*hell.*|\\s*GRC\\s*|\\s*GR\\s*|\\s*300\\s*)$", "iso2": "GR", "iso3": "GRC", "isoN": "300", "name_en": "Greece", "name_fr": "Gr\u00e8ce (la)"}, {"regex": "^(.*gr.en.*|\\s*GRL\\s*|\\s*GL\\s*|\\s*304\\s*)$", "iso2": "GL", "iso3": "GRL", "isoN": "304", "name_en": "Greenland", "name_fr": "Groenland (le)"}, {"regex": "^(.*guad.*|\\s*GLP\\s*|\\s*GP\\s*|\\s*312\\s*)$", "iso2": "GP", "iso3": "GLP", "isoN": "312", "name_en": "Guadeloupe", "name_fr": "Guadeloupe (la)"}, {"regex": "^(.*guam.*|\\s*GUM\\s*|\\s*GU\\s*|\\s*316\\s*)$", "iso2": "GU", "iso3": "GUM", "isoN": "316", "name_en": "Guam", "name_fr": "Guam"}, {"regex": "^(.*guat.*|\\s*GTM\\s*|\\s*GT\\s*|\\s*320\\s*)$", "iso2": "GT", "iso3": "GTM", "isoN": "320", "name_en": "Guatemala", "name_fr": "Guatemala (le)"}, {"regex": "^(.*gue.*|\\s*GGY\\s*|\\s*GG\\s*|\\s*831\\s*)$", "iso2": "GG", "iso3": "GGY", "isoN": "831", "name_en": "Guernsey", "name_fr": "Guernesey"}, {"regex": "^(.*gui.+b.*|\\s*GNB\\s*|\\s*GW\\s*|\\s*624\\s*)$", "iso2": "GW", "iso3": "GNB", "isoN": "624", "name_en": "Guinea-Bissau", "name_fr": "Guin\u00e9e-Bissau (la)"}, {"regex": "^(.*gyp.*|[^s]*m..r[^ai]*|\\s*EGY\\s*|\\s*EG\\s*|\\s*818\\s*)$", "iso2": "EG", "iso3": "EGY", "isoN": "818", "name_en": "Egypt", "name_fr": "\u00c9gypte (l')"}, {"regex": "^(.*h.+nga?r.*|.*magy.*|\\s*HUN\\s*|\\s*HU\\s*|\\s*348\\s*)$", "iso2": "HU", "iso3": "HUN", "isoN": "348", "name_en": "Hungary", "name_fr": "Hongrie (la)"}, {"regex": "^(.*ha.t.*|\\s*HTI\\s*|\\s*HT\\s*|\\s*332\\s*)$", "iso2": "HT", "iso3": "HTI", "isoN": "332", "name_en": "Haiti", "name_fr": "Ha\u00efti"}, {"regex": "^(.*hea.*|\\s*HMD\\s*|\\s*HM\\s*|\\s*334\\s*)$", "iso2": "HM", "iso3": "HMD", "isoN": "334", "name_en": "Heard Island and McDonald Islands", "name_fr": "Heard-et-\u00celes MacDonald (l'\u00cele)"}, {"regex": "^(.*ho.+k.*|\\s*HKG\\s*|\\s*HK\\s*|\\s*344\\s*)$", "iso2": "HK", "iso3": "HKG", "isoN": "344", "name_en": "Hong Kong", "name_fr": "Hong Kong"}, {"regex": "^(.*holy.*|.*si.ge.*|\\s*VAT\\s*|\\s*VA\\s*|\\s*336\\s*)$", "iso2": "VA", "iso3": "VAT", "isoN": "336", "name_en": "Holy See (the)", "name_fr": "Saint-Si\u00e8ge (le)"}, {"regex": "^(.*hond.*|\\s*HND\\s*|\\s*HN\\s*|\\s*340\\s*)$", "iso2": "HN", "iso3": "HND", "isoN": "340", "name_en": "Honduras", "name_fr": "Honduras (le)"}, {"regex": "^(.*icel.*|.*s.+nde.*|.*\\Wsla.*|\\s*ISL\\s*|\\s*IS\\s*|\\s*352\\s*)$", "iso2": "IS", "iso3": "ISL", "isoN": "352", "name_en": "Iceland", "name_fr": "Islande (l')"}, {"regex": "^(.*ind.+o.*|\\s*IOT\\s*|\\s*IO\\s*|\\s*86\\s*)$", "iso2": "IO", "iso3": "IOT", "isoN": "86", "name_en": "British Indian Ocean Territory (the)", "name_fr": "Indien (le\u00a0Territoire britannique de l'oc\u00e9an)"}, {"regex": "^(.*indo.*|\\s*IDN\\s*|\\s*ID\\s*|\\s*360\\s*)$", "iso2": "ID", "iso3": "IDN", "isoN": "360", "name_en": "Indonesia", "name_fr": "Indon\u00e9sie (l')"}, {"regex": "^(.*iran.*|\\s*[.ir]{3,}\\s*|.*pers.*|\\s*IRN\\s*|\\s*IR\\s*|\\s*364\\s*)$", "iso2": "IR", "iso3": "IRN", "isoN": "364", "name_en": "Iran (Islamic Republic of)", "name_fr": "Iran (R\u00e9publique Islamique d')"}, {"regex": "^(.*ital.*|\\s*ITA\\s*|\\s*IT\\s*|\\s*380\\s*)$", "iso2": "IT", "iso3": "ITA", "isoN": "380", "name_en": "Italy", "name_fr": "Italie (l')"}, {"regex": "^(.*ivo.*|\\s*CIV\\s*|\\s*CI\\s*|\\s*384\\s*)$", "iso2": "CI", "iso3": "CIV", "isoN": "384", "name_en": "C\u00f4te d'Ivoire", "name_fr": "C\u00f4te d'Ivoire (la)"}, {"regex": "^(.*jam.*|\\s*JAM\\s*|\\s*JM\\s*|\\s*388\\s*)$", "iso2": "JM", "iso3": "JAM", "isoN": "388", "name_en": "Jamaica", "name_fr": "Jama\u00efque (la)"}, {"regex": "^(.*jap.*|.*ni[hp].*|\\s*JPN\\s*|\\s*JP\\s*|\\s*392\\s*)$", "iso2": "JP", "iso3": "JPN", "isoN": "392", "name_en": "Japan", "name_fr": "Japon (le)"}, {"regex": "^(.*jer.*|\\s*JEY\\s*|\\s*JE\\s*|\\s*832\\s*)$", "iso2": "JE", "iso3": "JEY", "isoN": "832", "name_en": "Jersey", "name_fr": "Jersey"}, {"regex": "^(.*jor.*|\\s*JOR\\s*|\\s*JO\\s*|\\s*400\\s*)$", "iso2": "JO", "iso3": "JOR", "isoN": "400", "name_en": "Jordan", "name_fr": "Jordanie (la)"}, {"regex": "^(.*k.rg.*|\\s*KGZ\\s*|\\s*KG\\s*|\\s*417\\s*)$", "iso2": "KG", "iso3": "KGZ", "isoN": "417", "name_en": "Kyrgyzstan", "name_fr": "Kirghizistan (le)"}, {"regex": "^(.*k[ou]w.*|\\s*KWT\\s*|\\s*KW\\s*|\\s*414\\s*)$", "iso2": "KW", "iso3": "KWT", "isoN": "414", "name_en": "Kuwait", "name_fr": "Kowe\u00eft (le)"}, {"regex": "^(.*ken.*|\\s*KEN\\s*|\\s*KE\\s*|\\s*404\\s*)$", "iso2": "KE", "iso3": "KEN", "isoN": "404", "name_en": "Kenya", "name_fr": "Kenya (le)"}, {"regex": "^(.*kiri.*|\\s*KIR\\s*|\\s*KI\\s*|\\s*296\\s*)$", "iso2": "KI", "iso3": "KIR", "isoN": "296", "name_en": "Kiribati", "name_fr": "Kiribati"}, {"regex": "^(.*kos.*|\\s*XXK\\s*|\\s*XK\\s*)$", "iso2": "XK", "iso3": "XXK", "isoN": "", "name_en": "Kosovo*", "name_fr": "Kosovo (le)*"}, {"regex": "^(.*l.+man.*|\\s*IMN\\s*|\\s*IM\\s*|\\s*833\\s*)$", "iso2": "IM", "iso3": "IMN", "isoN": "833", "name_en": "Isle of Man", "name_fr": "\u00cele de Man"}, {"regex": "^(.*l[ae]t.*|\\s*LVA\\s*|\\s*LV\\s*|\\s*428\\s*)$", "iso2": "LV", "iso3": "LVA", "isoN": "428", "name_en": "Latvia", "name_fr": "Lettonie (la)"}, {"regex": "^(.*l[eiu]ba?n.*|\\s*LBN\\s*|\\s*LB\\s*|\\s*422\\s*)$", "iso2": "LB", "iso3": "LBN", "isoN": "422", "name_en": "Lebanon", "name_fr": "Liban (le)"}, {"regex": "^(.*leso.*|\\s*LSO\\s*|\\s*LS\\s*|\\s*426\\s*)$", "iso2": "LS", "iso3": "LSO", "isoN": "426", "name_en": "Lesotho", "name_fr": "Lesotho (le)"}, {"regex": "^(.*lib.r.*|\\s*LBR\\s*|\\s*LR\\s*|\\s*430\\s*)$", "iso2": "LR", "iso3": "LBR", "isoN": "430", "name_en": "Liberia", "name_fr": "Lib\u00e9ria (le)"}, {"regex": "^(.*liby.*|\\s*LBY\\s*|\\s*LY\\s*|\\s*434\\s*)$", "iso2": "LY", "iso3": "LBY", "isoN": "434", "name_en": "Libya", "name_fr": "Libye (la)"}, {"regex": "^(.*lie?t.*|\\s*LTU\\s*|\\s*LT\\s*|\\s*440\\s*)$", "iso2": "LT", "iso3": "LTU", "isoN": "440", "name_en": "Lithuania", "name_fr": "Lituanie (la)"}, {"regex": "^(.*liec.*|\\s*LIE\\s*|\\s*LI\\s*|\\s*438\\s*)$", "iso2": "LI", "iso3": "LIE", "isoN": "438", "name_en": "Liechtenstein", "name_fr": "Liechtenstein (le)"}, {"regex": "^(.*lux.*|.*l.tz.*|\\s*LUX\\s*|\\s*LU\\s*|\\s*442\\s*)$", "iso2": "LU", "iso3": "LUX", "isoN": "442", "name_en": "Luxembourg", "name_fr": "Luxembourg (le)"}, {"regex": "^(.*m.[jx].*|\\s*[.emu]{3,}\\s*|\\s*MEX\\s*|\\s*MX\\s*|\\s*484\\s*)$", "iso2": "MX", "iso3": "MEX", "isoN": "484", "name_en": "Mexico", "name_fr": "Mexique (le)"}, {"regex": "^(.*m[ao]roc.*|.*ma.h.*|\\s*MAR\\s*|\\s*MA\\s*|\\s*504\\s*)$", "iso2": "MA", "iso3": "MAR", "isoN": "504", "name_en": "Morocco", "name_fr": "Maroc (le)"}, {"regex": "^(.*ma.+si.*|.*m.lay.*|\\s*MYS\\s*|\\s*MY\\s*|\\s*458\\s*)$", "iso2": "MY", "iso3": "MYS", "isoN": "458", "name_en": "Malaysia", "name_fr": "Malaisie (la)"}, {"regex": "^(.*maca.*|\\s*MAC\\s*|\\s*MO\\s*|\\s*446\\s*)$", "iso2": "MO", "iso3": "MAC", "isoN": "446", "name_en": "Macao", "name_fr": "Macao"}, {"regex": "^(.*mad.*|\\s*MDG\\s*|\\s*MG\\s*|\\s*450\\s*)$", "iso2": "MG", "iso3": "MDG", "isoN": "450", "name_en": "Madagascar", "name_fr": "Madagascar"}, {"regex": "^(.*mala.i.*|\\s*MWI\\s*|\\s*MW\\s*|\\s*454\\s*)$", "iso2": "MW", "iso3": "MWI", "isoN": "454", "name_en": "Malawi", "name_fr": "Malawi (le)"}, {"regex": "^(.*mald.*|.*dhi.*|\\s*MDV\\s*|\\s*MV\\s*|\\s*462\\s*)$", "iso2": "MV", "iso3": "MDV", "isoN": "462", "name_en": "Maldives", "name_fr": "Maldives (les)"}, {"regex": "^(.*malt.*|\\s*MLT\\s*|\\s*MT\\s*|\\s*470\\s*)$", "iso2": "MT", "iso3": "MLT", "isoN": "470", "name_en": "Malta", "name_fr": "Malte"}, {"regex": "^(.*mar.+q.*|\\s*MTQ\\s*|\\s*MQ\\s*|\\s*474\\s*)$", "iso2": "MQ", "iso3": "MTQ", "isoN": "474", "name_en": "Martinique", "name_fr": "Martinique (la)"}, {"regex": "^(.*mars.*|\\s*MHL\\s*|\\s*MH\\s*|\\s*584\\s*)$", "iso2": "MH", "iso3": "MHL", "isoN": "584", "name_en": "Marshall Islands (the)", "name_fr": "Marshall (les \u00celes)"}, {"regex": "^(.*mau.+[cs].*|\\s*MUS\\s*|\\s*MU\\s*|\\s*480\\s*)$", "iso2": "MU", "iso3": "MUS", "isoN": "480", "name_en": "Mauritius", "name_fr": "Maurice"}, {"regex": "^(.*mau.+n.*|.*m.r.t.n.*|\\s*MRT\\s*|\\s*MR\\s*|\\s*478\\s*)$", "iso2": "MR", "iso3": "MRT", "isoN": "478", "name_en": "Mauritania", "name_fr": "Mauritanie (la)"}, {"regex": "^(.*mayo.*|\\s*MYT\\s*|\\s*YT\\s*|\\s*175\\s*)$", "iso2": "YT", "iso3": "MYT", "isoN": "175", "name_en": "Mayotte", "name_fr": "Mayotte"}, {"regex": "^(.*micr.*|\\s*FSM\\s*|\\s*FM\\s*|\\s*583\\s*)$", "iso2": "FM", "iso3": "FSM", "isoN": "583", "name_en": "Micronesia (Federated States of)", "name_fr": "Micron\u00e9sie (\u00c9tats f\u00e9d\u00e9r\u00e9s de)"}, {"regex": "^(.*mo.+gr.*|.*crn.*|\\s*MNE\\s*|\\s*ME\\s*|\\s*499\\s*)$", "iso2": "ME", "iso3": "MNE", "isoN": "499", "name_en": "Montenegro", "name_fr": "Mont\u00e9n\u00e9gro (le)"}, {"regex": "^(.*mo.+se.*|\\s*MSR\\s*|\\s*MS\\s*|\\s*500\\s*)$", "iso2": "MS", "iso3": "MSR", "isoN": "500", "name_en": "Montserrat", "name_fr": "Montserrat"}, {"regex": "^(.*mol.*|\\s*MDA\\s*|\\s*MD\\s*|\\s*498\\s*)$", "iso2": "MD", "iso3": "MDA", "isoN": "498", "name_en": "Moldova (the Republic of)", "name_fr": "Moldova (la R\u00e9publique de)"}, {"regex": "^(.*mona.*|\\s*MCO\\s*|\\s*MC\\s*|\\s*492\\s*)$", "iso2": "MC", "iso3": "MCO", "isoN": "492", "name_en": "Monaco", "name_fr": "Monaco"}, {"regex": "^(.*mong.*|\\s*MNG\\s*|\\s*MN\\s*|\\s*496\\s*)$", "iso2": "MN", "iso3": "MNG", "isoN": "496", "name_en": "Mongolia", "name_fr": "Mongolie (la)"}, {"regex": "^(.*moz.*|\\s*MOZ\\s*|\\s*MZ\\s*|\\s*508\\s*)$", "iso2": "MZ", "iso3": "MOZ", "isoN": "508", "name_en": "Mozambique", "name_fr": "Mozambique (le)"}, {"regex": "^(.*my.n?m.*|.*burm.*|\\s*MMR\\s*|\\s*MM\\s*|\\s*104\\s*)$", "iso2": "MM", "iso3": "MMR", "isoN": "104", "name_en": "Myanmar", "name_fr": "Myanmar (le)"}, {"regex": "^(.*n*.*ma[cq].d.*|\\s*[af][.mory]{3,}\\s*|\\s*MKD\\s*|\\s*MK\\s*|\\s*807\\s*)$", "iso2": "MK", "iso3": "MKD", "isoN": "807", "name_en": "North Macedonia", "name_fr": "Mac\u00e9doine du Nord (la)"}, {"regex": "^(.*n.+cal.*|\\s*NCL\\s*|\\s*NC\\s*|\\s*540\\s*)$", "iso2": "NC", "iso3": "NCL", "isoN": "540", "name_en": "New Caledonia", "name_fr": "Nouvelle-Cal\u00e9donie (la)"}, {"regex": "^(.*n.+car.*|\\s*NIC\\s*|\\s*NI\\s*|\\s*558\\s*)$", "iso2": "NI", "iso3": "NIC", "isoN": "558", "name_en": "Nicaragua", "name_fr": "Nicaragua (le)"}, {"regex": "^(.*n.+maria.*|.*maria.+n.*|\\s*MNP\\s*|\\s*MP\\s*|\\s*580\\s*)$", "iso2": "MP", "iso3": "MNP", "isoN": "580", "name_en": "Northern Mariana Islands (the)", "name_fr": "Mariannes du Nord (les \u00celes)"}, {"regex": "^(.*n.+z.a?l.*|.*aot.*|\\s*NZL\\s*|\\s*NZ\\s*|\\s*554\\s*)$", "iso2": "NZ", "iso3": "NZL", "isoN": "554", "name_en": "New Zealand", "name_fr": "Nouvelle-Z\u00e9lande (la)"}, {"regex": "^(.*n..?re?[gjvw].*|.*vuo.*|\\s*NOR\\s*|\\s*NO\\s*|\\s*578\\s*)$", "iso2": "NO", "iso3": "NOR", "isoN": "578", "name_en": "Norway", "name_fr": "Norv\u00e8ge (la)"}, {"regex": "^(.*n.p.l.*|\\s*NPL\\s*|\\s*NP\\s*|\\s*524\\s*)$", "iso2": "NP", "iso3": "NPL", "isoN": "524", "name_en": "Nepal", "name_fr": "N\u00e9pal (le)"}, {"regex": "^(.*nami.*|\\s*NAM\\s*|\\s*NA\\s*|\\s*516\\s*)$", "iso2": "NA", "iso3": "NAM", "isoN": "516", "name_en": "Namibia", "name_fr": "Namibie (la)"}, {"regex": "^(.*nau.*|\\s*NRU\\s*|\\s*NR\\s*|\\s*520\\s*)$", "iso2": "NR", "iso3": "NRU", "isoN": "520", "name_en": "Nauru", "name_fr": "Nauru"}, {"regex": "^(.*ne[dt].*|.*holl.*|.*pay.*|\\s*NLD\\s*|\\s*NL\\s*|\\s*528\\s*)$", "iso2": "NL", "iso3": "NLD", "isoN": "528", "name_en": "Netherlands (the)", "name_fr": "Pays-Bas (les)"}, {"regex": "^(.*nig.+a.*|\\s*NGA\\s*|\\s*NG\\s*|\\s*566\\s*)$", "iso2": "NG", "iso3": "NGA", "isoN": "566", "name_en": "Nigeria", "name_fr": "Nig\u00e9ria (le)"}, {"regex": "^(.*nig[^a]*|\\s*NER\\s*|\\s*NE\\s*|\\s*562\\s*)$", "iso2": "NE", "iso3": "NER", "isoN": "562", "name_en": "Niger (the)", "name_fr": "Niger (le)"}, {"regex": "^(.*niu.*|\\s*NIU\\s*|\\s*NU\\s*|\\s*570\\s*)$", "iso2": "NU", "iso3": "NIU", "isoN": "570", "name_en": "Niue", "name_fr": "Niue"}, {"regex": "^(.*norf.*|\\s*NFK\\s*|\\s*NF\\s*|\\s*574\\s*)$", "iso2": "NF", "iso3": "NFK", "isoN": "574", "name_en": "Norfolk Island", "name_fr": "Norfolk (l'\u00cele)"}, {"regex": "^(.*o?ugan.*|\\s*UGA\\s*|\\s*UG\\s*|\\s*800\\s*)$", "iso2": "UG", "iso3": "UGA", "isoN": "800", "name_en": "Uganda", "name_fr": "Ouganda (l')"}, {"regex": "^(.*o?uzb.*|\\s*UZB\\s*|\\s*UZ\\s*|\\s*860\\s*)$", "iso2": "UZ", "iso3": "UZB", "isoN": "860", "name_en": "Uzbekistan", "name_fr": "Ouzb\u00e9kistan (l')"}, {"regex": "^(.*p.+ico.*|\\s*PRI\\s*|\\s*PR\\s*|\\s*630\\s*)$", "iso2": "PR", "iso3": "PRI", "isoN": "630", "name_en": "Puerto Rico", "name_fr": "Porto Rico"}, {"regex": "^(.*p.+ug.*|\\s*PRT\\s*|\\s*PT\\s*|\\s*620\\s*)$", "iso2": "PT", "iso3": "PRT", "isoN": "620", "name_en": "Portugal", "name_fr": "Portugal (le)"}, {"regex": "^(.*p.ki.*|\\s*PAK\\s*|\\s*PK\\s*|\\s*586\\s*)$", "iso2": "PK", "iso3": "PAK", "isoN": "586", "name_en": "Pakistan", "name_fr": "Pakistan (le)"}, {"regex": "^(.*p.r[ou].*|.*p.r\\W.*|\\s*PER\\s*|\\s*PE\\s*|\\s*604\\s*)$", "iso2": "PE", "iso3": "PER", "isoN": "604", "name_en": "Peru", "name_fr": "P\u00e9rou (le)"}, {"regex": "^(.*p[eo].+ch.*|\\s*[.cpr]{3,}\\s*|[^t]*chin[^t]*|\\s*CHN\\s*|\\s*CN\\s*|\\s*156\\s*)$", "iso2": "CN", "iso3": "CHN", "isoN": "156", "name_en": "China", "name_fr": "Chine (la)"}, {"regex": "^(.*pala.*|.*belu.*|\\s*PLW\\s*|\\s*PW\\s*|\\s*585\\s*)$", "iso2": "PW", "iso3": "PLW", "isoN": "585", "name_en": "Palau", "name_fr": "Palaos (les)"}, {"regex": "^(.*pale.*|.*fil.*|\\s*PSE\\s*|\\s*PS\\s*|\\s*275\\s*)$", "iso2": "PS", "iso3": "PSE", "isoN": "275", "name_en": "Palestine, State of", "name_fr": "Palestine, \u00c9tat de"}, {"regex": "^(.*pana.*|\\s*PAN\\s*|\\s*PA\\s*|\\s*591\\s*)$", "iso2": "PA", "iso3": "PAN", "isoN": "591", "name_en": "Panama", "name_fr": "Panama (le)"}, {"regex": "^(.*pap.*|\\s*PNG\\s*|\\s*PG\\s*|\\s*598\\s*)$", "iso2": "PG", "iso3": "PNG", "isoN": "598", "name_en": "Papua New Guinea", "name_fr": "Papouasie-Nouvelle-Guin\u00e9e (la)"}, {"regex": "^(.*para.*|\\s*PRY\\s*|\\s*PY\\s*|\\s*600\\s*)$", "iso2": "PY", "iso3": "PRY", "isoN": "600", "name_en": "Paraguay", "name_fr": "Paraguay (le)"}, {"regex": "^(.*ph?il.*|\\s*PHL\\s*|\\s*PH\\s*|\\s*608\\s*)$", "iso2": "PH", "iso3": "PHL", "isoN": "608", "name_en": "Philippines (the)", "name_fr": "Philippines (les)"}, {"regex": "^(.*pit.*|\\s*PCN\\s*|\\s*PN\\s*|\\s*612\\s*)$", "iso2": "PN", "iso3": "PCN", "isoN": "612", "name_en": "Pitcairn", "name_fr": "Pitcairn"}, {"regex": "^(.*q.+gu.*|.*gu.+q.*|\\s*GNQ\\s*|\\s*GQ\\s*|\\s*226\\s*)$", "iso2": "GQ", "iso3": "GNQ", "isoN": "226", "name_en": "Equatorial Guinea", "name_fr": "Guin\u00e9e \u00e9quatoriale (la)"}, {"regex": "^(.*qat.*|\\s*QAT\\s*|\\s*QA\\s*|\\s*634\\s*)$", "iso2": "QA", "iso3": "QAT", "isoN": "634", "name_en": "Qatar", "name_fr": "Qatar (le)"}, {"regex": "^(.*r.th?r.*|\\s*ERI\\s*|\\s*ER\\s*|\\s*232\\s*)$", "iso2": "ER", "iso3": "ERI", "isoN": "232", "name_en": "Eritrea", "name_fr": "\u00c9rythr\u00e9e (l')"}, {"regex": "^(.*r.uni.*|\\s*REU\\s*|\\s*RE\\s*|\\s*638\\s*)$", "iso2": "RE", "iso3": "REU", "isoN": "638", "name_en": "R\u00e9union", "name_fr": "R\u00e9union (La)"}, {"regex": "^(.*r[uw]an.*|\\s*RWA\\s*|\\s*RW\\s*|\\s*646\\s*)$", "iso2": "RW", "iso3": "RWA", "isoN": "646", "name_en": "Rwanda", "name_fr": "Rwanda (le)"}, {"regex": "^(.*rou?m.*|\\s*ROU\\s*|\\s*RO\\s*|\\s*642\\s*)$", "iso2": "RO", "iso3": "ROU", "isoN": "642", "name_en": "Romania", "name_fr": "Roumanie (la)"}, {"regex": "^(.*s.*maa?rt[^fq]*|\\s*SXM\\s*|\\s*SX\\s*|\\s*534\\s*)$", "iso2": "SX", "iso3": "SXM", "isoN": "534", "name_en": "Sint Maarten (Dutch part)", "name_fr": "Saint-Martin (partie n\u00e9erlandaise)"}, {"regex": "^(.*s.+bart.*|\\s*BLM\\s*|\\s*BL\\s*|\\s*652\\s*)$", "iso2": "BL", "iso3": "BLM", "isoN": "652", "name_en": "Saint Barth\u00e9lemy", "name_fr": "Saint-Barth\u00e9lemy"}, {"regex": "^(.*s.+g.o.*|.*g.o.+s.*|\\s*SGS\\s*|\\s*GS\\s*|\\s*239\\s*)$", "iso2": "GS", "iso3": "SGS", "isoN": "239", "name_en": "South Georgia and the South Sandwich Islands", "name_fr": "G\u00e9orgie du Sud-et-les \u00celes Sandwich du Sud (la)"}, {"regex": "^(.*s.+h.l.n.*|\\s*SHN\\s*|\\s*SH\\s*|\\s*654\\s*)$", "iso2": "SH", "iso3": "SHN", "isoN": "654", "name_en": "Saint Helena, Ascension and Tristan da Cunha", "name_fr": "Sainte-H\u00e9l\u00e8ne, Ascension et Tristan da Cunha"}, {"regex": "^(.*s.+kit.*|.*s.+chr.*|\\s*KNA\\s*|\\s*KN\\s*|\\s*659\\s*)$", "iso2": "KN", "iso3": "KNA", "isoN": "659", "name_en": "Saint Kitts and Nevis", "name_fr": "Saint-Kitts-et-Nevis"}, {"regex": "^(.*s.+luc.*|\\s*LCA\\s*|\\s*LC\\s*|\\s*662\\s*)$", "iso2": "LC", "iso3": "LCA", "isoN": "662", "name_en": "Saint Lucia", "name_fr": "Sainte-Lucie"}, {"regex": "^(.*s.+marin.*|\\s*SMR\\s*|\\s*SM\\s*|\\s*674\\s*)$", "iso2": "SM", "iso3": "SMR", "isoN": "674", "name_en": "San Marino", "name_fr": "Saint-Marin"}, {"regex": "^(.*s.+mart[^dq]*|\\s*MAF\\s*|\\s*MF\\s*|\\s*663\\s*)$", "iso2": "MF", "iso3": "MAF", "isoN": "663", "name_en": "Saint Martin (French part)", "name_fr": "Saint-Martin (partie fran\u00e7aise)"}, {"regex": "^(.*s.+pie.*|\\s*SPM\\s*|\\s*PM\\s*|\\s*666\\s*)$", "iso2": "PM", "iso3": "SPM", "isoN": "666", "name_en": "Saint Pierre and Miquelon", "name_fr": "Saint-Pierre-et-Miquelon"}, {"regex": "^(.*s.+so?uda.*|.*so?uda.+s.*|\\s*SSD\\s*|\\s*SS\\s*|\\s*728\\s*)$", "iso2": "SS", "iso3": "SSD", "isoN": "728", "name_en": "South Sudan", "name_fr": "Soudan du Sud (le)"}, {"regex": "^(.*s.+tom.*|\\s*STP\\s*|\\s*ST\\s*|\\s*678\\s*)$", "iso2": "ST", "iso3": "STP", "isoN": "678", "name_en": "Sao Tome and Principe", "name_fr": "Sao Tom\u00e9-et-Principe"}, {"regex": "^(.*s.+vi.+t.*|.*hair.*|\\s*VCT\\s*|\\s*VC\\s*|\\s*670\\s*)$", "iso2": "VC", "iso3": "VCT", "isoN": "670", "name_en": "Saint Vincent and the Grenadines", "name_fr": "Saint-Vincent-et-les Grenadines"}, {"regex": "^(.*s.lo.+l.*|.*l.+s.lo.*|\\s*SLB\\s*|\\s*SB\\s*|\\s*90\\s*)$", "iso2": "SB", "iso3": "SLB", "isoN": "90", "name_en": "Solomon Islands", "name_fr": "Salomon (les \u00celes)"}, {"regex": "^(.*s.n.g.*|\\s*SEN\\s*|\\s*SN\\s*|\\s*686\\s*)$", "iso2": "SN", "iso3": "SEN", "isoN": "686", "name_en": "Senegal", "name_fr": "S\u00e9n\u00e9gal (le)"}, {"regex": "^(.*s[ou].+af.*|.*af.+s[ou].*|\\s*[.ars]{3,}\\s*|\\s*ZAF\\s*|\\s*ZA\\s*|\\s*710\\s*)$", "iso2": "ZA", "iso3": "ZAF", "isoN": "710", "name_en": "South Africa", "name_fr": "Afrique du Sud (l')"}, {"regex": "^(.*s[uw].d.*|.*sve.*|\\s*SWE\\s*|\\s*SE\\s*|\\s*752\\s*)$", "iso2": "SE", "iso3": "SWE", "isoN": "752", "name_en": "Sweden", "name_fr": "Su\u00e8de (la)"}, {"regex": "^(.*sao?ud.*|.*sa..d.*|\\s*SAU\\s*|\\s*SA\\s*|\\s*682\\s*)$", "iso2": "SA", "iso3": "SAU", "isoN": "682", "name_en": "Saudi Arabia", "name_fr": "Arabie saoudite (l')"}, {"regex": "^(.*sc?h?[uvw]e?i.*|.*helv.*|\\s*CHE\\s*|\\s*CH\\s*|\\s*756\\s*)$", "iso2": "CH", "iso3": "CHE", "isoN": "756", "name_en": "Switzerland", "name_fr": "Suisse (la)"}, {"regex": "^(.*se?rb.*|\\s*SRB\\s*|\\s*RS\\s*|\\s*688\\s*)$", "iso2": "RS", "iso3": "SRB", "isoN": "688", "name_en": "Serbia", "name_fr": "Serbie (la)"}, {"regex": "^(.*seyc.*|\\s*SYC\\s*|\\s*SC\\s*|\\s*690\\s*)$", "iso2": "SC", "iso3": "SYC", "isoN": "690", "name_en": "Seychelles", "name_fr": "Seychelles (les)"}, {"regex": "^(.*sier.*|\\s*SLE\\s*|\\s*SL\\s*|\\s*694\\s*)$", "iso2": "SL", "iso3": "SLE", "isoN": "694", "name_en": "Sierra Leone", "name_fr": "Sierra Leone (la)"}, {"regex": "^(.*sin[gh].*|\\s*SGP\\s*|\\s*SG\\s*|\\s*702\\s*)$", "iso2": "SG", "iso3": "SGP", "isoN": "702", "name_en": "Singapore", "name_fr": "Singapour"}, {"regex": "^(.*slo.+[kq].*|\\s*SVK\\s*|\\s*SK\\s*|\\s*703\\s*)$", "iso2": "SK", "iso3": "SVK", "isoN": "703", "name_en": "Slovakia", "name_fr": "Slovaquie (la)"}, {"regex": "^(.*slo.+ni.*|\\s*SVN\\s*|\\s*SI\\s*|\\s*705\\s*)$", "iso2": "SI", "iso3": "SVN", "isoN": "705", "name_en": "Slovenia", "name_fr": "Slov\u00e9nie (la)"}, {"regex": "^(.*som.*|\\s*SOM\\s*|\\s*SO\\s*|\\s*706\\s*)$", "iso2": "SO", "iso3": "SOM", "isoN": "706", "name_en": "Somalia", "name_fr": "Somalie (la)"}, {"regex": "^(.*sr.+la.*|.*cey.*|.*ila.k.*|\\s*LKA\\s*|\\s*LK\\s*|\\s*144\\s*)$", "iso2": "LK", "iso3": "LKA", "isoN": "144", "name_en": "Sri Lanka", "name_fr": "Sri Lanka"}, {"regex": "^(.*sur.*|\\s*SUR\\s*|\\s*SR\\s*|\\s*740\\s*)$", "iso2": "SR", "iso3": "SUR", "isoN": "740", "name_en": "Suriname", "name_fr": "Suriname (le)"}, {"regex": "^(.*sva.*|\\s*SJM\\s*|\\s*SJ\\s*|\\s*744\\s*)$", "iso2": "SJ", "iso3": "SJM", "isoN": "744", "name_en": "Svalbard and Jan Mayen", "name_fr": "Svalbard et l'\u00cele Jan Mayen (le)"}, {"regex": "^(.*syr.*|\\s*SYR\\s*|\\s*SY\\s*|\\s*760\\s*)$", "iso2": "SY", "iso3": "SYR", "isoN": "760", "name_en": "Syrian Arab Republic (the)", "name_fr": "R\u00e9publique arabe syrienne (la)"}, {"regex": "^(.*t?a?[cs]h\\Sd.*|\\s*TCD\\s*|\\s*TD\\s*|\\s*148\\s*)$", "iso2": "TD", "iso3": "TCD", "isoN": "148", "name_en": "Chad", "name_fr": "Tchad (le)"}, {"regex": "^(.*ta.[pw].*|.*r.p.+chin.*|\\s*[.cor]{3,}\\s*|\\s*TWN\\s*|\\s*TW\\s*|\\s*158\\s*)$", "iso2": "TW", "iso3": "TWN", "isoN": "158", "name_en": "Taiwan (Province of China)", "name_fr": "Ta\u00efwan (Province de Chine)"}, {"regex": "^(.*tad?j.*|\\s*TJK\\s*|\\s*TJ\\s*|\\s*762\\s*)$", "iso2": "TJ", "iso3": "TJK", "isoN": "762", "name_en": "Tajikistan", "name_fr": "Tadjikistan (le)"}, {"regex": "^(.*tanz.*|\\s*[ur][.rtu]{2,}\\s*|\\s*TZA\\s*|\\s*TZ\\s*|\\s*834\\s*)$", "iso2": "TZ", "iso3": "TZA", "isoN": "834", "name_en": "Tanzania, the United Republic of", "name_fr": "Tanzanie (la R\u00e9publique-Unie de)"}, {"regex": "^(.*tha.*|.*siam.*|\\s*THA\\s*|\\s*TH\\s*|\\s*764\\s*)$", "iso2": "TH", "iso3": "THA", "isoN": "764", "name_en": "Thailand", "name_fr": "Tha\u00eflande (la)"}, {"regex": "^(.*thi.*|\\s*ETH\\s*|\\s*ET\\s*|\\s*231\\s*)$", "iso2": "ET", "iso3": "ETH", "isoN": "231", "name_en": "Ethiopia", "name_fr": "\u00c9thiopie (l')"}, {"regex": "^(.*tim.*|\\s*TLS\\s*|\\s*TL\\s*|\\s*626\\s*)$", "iso2": "TL", "iso3": "TLS", "isoN": "626", "name_en": "Timor-Leste", "name_fr": "Timor-Leste (le)"}, {"regex": "^(.*tog.*|\\s*TGO\\s*|\\s*TG\\s*|\\s*768\\s*)$", "iso2": "TG", "iso3": "TGO", "isoN": "768", "name_en": "Togo", "name_fr": "Togo (le)"}, {"regex": "^(.*tok.*|\\s*TKL\\s*|\\s*TK\\s*|\\s*772\\s*)$", "iso2": "TK", "iso3": "TKL", "isoN": "772", "name_en": "Tokelau", "name_fr": "Tokelau (les)"}, {"regex": "^(.*tong.*|\\s*TON\\s*|\\s*TO\\s*|\\s*776\\s*)$", "iso2": "TO", "iso3": "TON", "isoN": "776", "name_en": "Tonga", "name_fr": "Tonga (les)"}, {"regex": "^(.*trin.*|\\s*TTO\\s*|\\s*TT\\s*|\\s*780\\s*)$", "iso2": "TT", "iso3": "TTO", "isoN": "780", "name_en": "Trinidad and Tobago", "name_fr": "Trinit\u00e9-et-Tobago (la)"}, {"regex": "^(.*tu?\\W?ni.*|\\s*TUN\\s*|\\s*TN\\s*|\\s*788\\s*)$", "iso2": "TN", "iso3": "TUN", "isoN": "788", "name_en": "Tunisia", "name_fr": "Tunisie (la)"}, {"regex": "^(.*tu?\\W?r[kq][^s]*|\\s*TUR\\s*|\\s*TR\\s*|\\s*792\\s*)$", "iso2": "TR", "iso3": "TUR", "isoN": "792", "name_en": "Turkey", "name_fr": "Turquie (la)"}, {"regex": "^(.*turkm.*|\\s*TKM\\s*|\\s*TM\\s*|\\s*795\\s*)$", "iso2": "TM", "iso3": "TKM", "isoN": "795", "name_en": "Turkmenistan", "name_fr": "Turkm\u00e9nistan (le)"}, {"regex": "^(.*turks.*|\\s*TCA\\s*|\\s*TC\\s*|\\s*796\\s*)$", "iso2": "TC", "iso3": "TCA", "isoN": "796", "name_en": "Turks and Caicos Islands (the)", "name_fr": "Turks-et-Ca\u00efcos (les \u00celes)"}, {"regex": "^(.*tuv.*|\\s*TUV\\s*|\\s*TV\\s*|\\s*798\\s*)$", "iso2": "TV", "iso3": "TUV", "isoN": "798", "name_en": "Tuvalu", "name_fr": "Tuvalu (les)"}, {"regex": "^(.*u.+(st.+|d')am.*|\\s*[\u00c9ltu].+[ei]s\\s*|\\s*u[.as]{1,}\\s*|\\s*am.+ca\\s*|\\s*USA\\s*|\\s*US\\s*|\\s*840\\s*)$", "iso2": "US", "iso3": "USA", "isoN": "840", "name_en": "United States of America (the)", "name_fr": "\u00c9tats-Unis d'Am\u00e9rique (les)"}, {"regex": "^(.*u.+king.*|.*roy.+u.*|\\s*[.bgku]{2,}\\s*|.*gr.+b.*|[^b]*[ea]ngl.*|\\s*GBR\\s*|\\s*GB\\s*|\\s*826\\s*)$", "iso2": "GB", "iso3": "GBR", "isoN": "826", "name_en": "United Kingdom of Great Britain and Northern Ireland (the)", "name_fr": "Royaume-Uni de Grande-Bretagne et d'Irlande du Nord (le)"}, {"regex": "^(.*u.+mir.*|.*mir.+u.*|\\s*[au][.aeu]{2,}\\s*|.*im.+mu.*|\\s*ARE\\s*|\\s*AE\\s*|\\s*784\\s*)$", "iso2": "AE", "iso3": "ARE", "isoN": "784", "name_en": "United Arab Emirates (the)", "name_fr": "\u00c9mirats arabes unis (les)"}, {"regex": "^(.*u.+st.+mi.*|.*l.+mi.+un.*|\\s*UMI\\s*|\\s*UM\\s*|\\s*581\\s*)$", "iso2": "UM", "iso3": "UMI", "isoN": "581", "name_en": "United States Minor Outlying Islands (the)", "name_fr": "\u00celes mineures \u00e9loign\u00e9es des \u00c9tats-Unis (les)"}, {"regex": "^(.*ukr.*|\\s*UKR\\s*|\\s*UA\\s*|\\s*804\\s*)$", "iso2": "UA", "iso3": "UKR", "isoN": "804", "name_en": "Ukraine", "name_fr": "Ukraine (l')"}, {"regex": "^(.*urug.*|\\s*URY\\s*|\\s*UY\\s*|\\s*858\\s*)$", "iso2": "UY", "iso3": "URY", "isoN": "858", "name_en": "Uruguay", "name_fr": "Uruguay (l')"}, {"regex": "^(.*van.*|\\s*VUT\\s*|\\s*VU\\s*|\\s*548\\s*)$", "iso2": "VU", "iso3": "VUT", "isoN": "548", "name_en": "Vanuatu", "name_fr": "Vanuatu (le)"}, {"regex": "^(.*vene.*|\\s*VEN\\s*|\\s*VE\\s*|\\s*862\\s*)$", "iso2": "VE", "iso3": "VEN", "isoN": "862", "name_en": "Venezuela (Bolivarian Republic of)", "name_fr": "Venezuela (R\u00e9publique bolivarienne du)"}, {"regex": "^(.*vi.t.*|\\s*VNM\\s*|\\s*VN\\s*|\\s*704\\s*)$", "iso2": "VN", "iso3": "VNM", "isoN": "704", "name_en": "Viet Nam", "name_fr": "Viet Nam (le)"}, {"regex": "^(.*wal.*|\\s*WLF\\s*|\\s*WF\\s*|\\s*876\\s*)$", "iso2": "WF", "iso3": "WLF", "isoN": "876", "name_en": "Wallis and Futuna", "name_fr": "Wallis-et-Futuna\u00a0"}, {"regex": "^(.*y.m.*|\\s*YEM\\s*|\\s*YE\\s*|\\s*887\\s*)$", "iso2": "YE", "iso3": "YEM", "isoN": "887", "name_en": "Yemen", "name_fr": "Y\u00e9men (le)"}, {"regex": "^(.*y?isra.*|\\s*ISR\\s*|\\s*IL\\s*|\\s*376\\s*)$", "iso2": "IL", "iso3": "ISR", "isoN": "376", "name_en": "Israel", "name_fr": "Isra\u00ebl"}, {"regex": "^(.*zam[^q]*|\\s*ZMB\\s*|\\s*ZM\\s*|\\s*894\\s*)$", "iso2": "ZM", "iso3": "ZMB", "isoN": "894", "name_en": "Zambia", "name_fr": "Zambie (la)"}, {"regex": "^(.*zim.*|\\s*ZWE\\s*|\\s*ZW\\s*|\\s*716\\s*)$", "iso2": "ZW", "iso3": "ZWE", "isoN": "716", "name_en": "Zimbabwe", "name_fr": "Zimbabwe (le)"}, {"regex": "^([^a]*s.moa[^a]*|\\s*WSM\\s*|\\s*WS\\s*|\\s*882\\s*)$", "iso2": "WS", "iso3": "WSM", "isoN": "882", "name_en": "Samoa", "name_fr": "Samoa (le)"}, {"regex": "^([^af]*gui[^bq]*|\\s*GIN\\s*|\\s*GN\\s*|\\s*324\\s*)$", "iso2": "GN", "iso3": "GIN", "isoN": "324", "name_en": "Guinea", "name_fr": "Guin\u00e9e (la)"}, {"regex": "^([^ak]*gh.*|\\s*GHA\\s*|\\s*GH\\s*|\\s*288\\s*)$", "iso2": "GH", "iso3": "GHA", "isoN": "288", "name_en": "Ghana", "name_fr": "Ghana (le)"}, {"regex": "^([^b]*ind[^o]*|.*bh.r.*|\\s*IND\\s*|\\s*IN\\s*|\\s*356\\s*)$", "iso2": "IN", "iso3": "IND", "isoN": "356", "name_en": "India", "name_fr": "Inde (l')"}, {"regex": "^([^b]*vie?r[^b]*|[^b]*vie?r[^b]*|\\s*VIR\\s*|\\s*VI\\s*|\\s*850\\s*)$", "iso2": "VI", "iso3": "VIR", "isoN": "850", "name_en": "Virgin Islands (U.S.)", "name_fr": "Vierges des \u00c9tats-Unis (les \u00celes)"}, {"regex": "^([^bd]*r[ou]ss.*|\\s*[.rf]{2,}\\s*|\\s*RUS\\s*|\\s*RU\\s*|\\s*643\\s*)$", "iso2": "RU", "iso3": "RUS", "isoN": "643", "name_en": "Russian Federation (the)", "name_fr": "Russie (la F\u00e9d\u00e9ration de)"}, {"regex": "^([^d]*con[^d]*|.*brazz.*|\\s*COG\\s*|\\s*CG\\s*|\\s*178\\s*)$", "iso2": "CG", "iso3": "COG", "isoN": "178", "name_en": "Congo (the)", "name_fr": "Congo (le)"}, {"regex": "^([^f]*guy[^f]*|\\s*GUY\\s*|\\s*GY\\s*|\\s*328\\s*)$", "iso2": "GY", "iso3": "GUY", "isoN": "328", "name_en": "Guyana", "name_fr": "Guyana (le)"}, {"regex": "^([^f]*pol[^f]*|\\s*POL\\s*|\\s*PL\\s*|\\s*616\\s*)$", "iso2": "PL", "iso3": "POL", "isoN": "616", "name_en": "Poland", "name_fr": "Pologne (la)"}, {"regex": "^([^mn]*[ck]or[^mn]*|\\s*[.kor]{3,}\\s*|.*guk.*|\\s*KOR\\s*|\\s*KR\\s*|\\s*410\\s*)$", "iso2": "KR", "iso3": "KOR", "isoN": "410", "name_en": "Korea (the Republic of)", "name_fr": "Cor\u00e9e (la R\u00e9publique de)"}, {"regex": "^([^ou]*so?.d.n[^ou]*|\\s*SDN\\s*|\\s*SD\\s*|\\s*729\\s*)$", "iso2": "SD", "iso3": "SDN", "isoN": "729", "name_en": "Sudan (the)", "name_fr": "Soudan (le)"}, {"regex": "^([^r]*[ou]ma?\\W?n.*|\\s*OMN\\s*|\\s*OM\\s*|\\s*512\\s*)$", "iso2": "OM", "iso3": "OMN", "isoN": "512", "name_en": "Oman", "name_fr": "Oman"}, {"regex": "^([^r]*domi[^r]*|\\s*DMA\\s*|\\s*DM\\s*|\\s*212\\s*)$", "iso2": "DM", "iso3": "DMA", "isoN": "212", "name_en": "Dominica", "name_fr": "Dominique (la)"}, {"regex": "^([^s]*g.or[^s]*|.*sak.*|\\s*GEO\\s*|\\s*GE\\s*|\\s*268\\s*)$", "iso2": "GE", "iso3": "GEO", "isoN": "268", "name_en": "Georgia", "name_fr": "G\u00e9orgie (la)"}, {"regex": "^([^s]*mali.*|\\s*MLI\\s*|\\s*ML\\s*|\\s*466\\s*)$", "iso2": "ML", "iso3": "MLI", "isoN": "466", "name_en": "Mali", "name_fr": "Mali (le)"}, {"regex": "^([^tv]*[^a-z]land.*|\\s*ALA\\s*|\\s*AX\\s*|\\s*248\\s*)$", "iso2": "AX", "iso3": "ALA", "isoN": "248", "name_en": "\u00c5land Islands", "name_fr": "\u00c5land(les \u00celes)"}, {"regex": "^([^u]*ire?l.*|[^u]*\\Wire[^l]*|\\s*IRL\\s*|\\s*IE\\s*|\\s*372\\s*)$", "iso2": "IE", "iso3": "IRL", "isoN": "372", "name_en": "Ireland", "name_fr": "Irlande (l')"}, {"regex": "^([^u]*r[^i]q.*|\\s*IRQ\\s*|\\s*IQ\\s*|\\s*368\\s*)$", "iso2": "IQ", "iso3": "IRQ", "isoN": "368", "name_en": "Iraq", "name_fr": "Iraq (l')"}, {"regex": "^([^u]*vie?r[^u]+|[^d]*vie?r[^d]+|\\s*VGB\\s*|\\s*VG\\s*|\\s*92\\s*)$", "iso2": "VG", "iso3": "VGB", "isoN": "92", "name_en": "Virgin Islands (British)", "name_fr": "Vierges britanniques (les\u00a0\u00celes)"}, {"regex": "^([^v]*gren.*|\\s*GRD\\s*|\\s*GD\\s*|\\s*308\\s*)$", "iso2": "GD", "iso3": "GRD", "isoN": "308", "name_en": "Grenada", "name_fr": "Grenade (la)"}, {"metadata": {"iso2": "ISO 3166-1 alpha-2 code", "isoN": "ISO 3166-1 numeric (numeric-3) code", "name_en": "English short name", "name_fr": "Nom court fran\u00e7ais"}}, {"sources": ["[https://en.wikipedia.org/wiki/List_of_alternative_country_names/](Wikipedia - List of alternative country names)"]}]